Time [s],Period,HomeHull,AwayHull
2.0,1.0,612.6374451164746,846.0247866697387
5.0,1.0,662.8318393580213,1031.756060172032
8.0,1.0,662.7479987611946,1297.8073806116265
11.0,1.0,756.307765979616,1624.4718199891947
14.0,1.0,1002.1661258823038,1777.4997525292586
17.0,1.0,1144.311457792288,1641.6330181055519
20.0,1.0,1081.3951966011964,1460.011212807521
27.0,1.0,652.0319375871787,1457.2175448448852
30.0,1.0,862.5819884174667,1777.3462604902345
33.0,1.0,1120.6051180333814,1904.1731248514186
36.0,1.0,1167.143063522416,1658.1216112645227
39.0,1.0,1150.7689516973494,1555.1406177759466
42.0,1.0,922.7671350608426,1024.9146393213334
45.0,1.0,665.6762371274826,721.033568147328
48.0,1.0,635.709890890448,907.6553861573015
51.0,1.0,804.46357293576,1067.992764430544
54.0,1.0,970.5142607907201,1294.6001174034293
57.0,1.0,1027.9123758973494,1232.520091984752
60.0,1.0,1012.5301796382614,1047.5475019813173
63.0,1.0,770.5130625645493,878.6606764029387
66.0,1.0,628.3473895007681,662.6843481423787
69.0,1.0,553.609939591808,688.1786016576747
72.0,1.0,578.9655225757439,1004.4359881330826
75.0,1.0,614.6012579553707,1172.2320947593869
78.0,1.0,716.9223972511519,1390.662286923696
81.0,1.0,810.4235101336213,1437.8502395212638
84.0,1.0,763.411935676656,1322.6719468845602
87.0,1.0,737.4208635773867,1352.1431563562346
90.0,1.0,877.9069834541814,1413.2279440032908
93.0,1.0,1009.8725376216853,1374.3862345326295
96.0,1.0,1063.7303122273868,1064.8600165556693
99.0,1.0,1123.3291173929067,754.4610849955787
102.0,1.0,1279.6922484713655,753.7195987419627
105.0,1.0,1310.4419230944748,823.9647439571627
108.0,1.0,1325.3390325584426,860.8419220618507
111.0,1.0,1411.4244729225709,773.4350543098507
114.0,1.0,1222.7885191333814,622.585688165312
117.0,1.0,1096.1791739471255,517.7930714729547
120.0,1.0,1222.919056844704,640.7020941658027
123.0,1.0,1057.7378214093812,783.9841087043305
126.0,1.0,979.4374288690879,786.3725001480426
129.0,1.0,1177.4518981935307,793.4412369172587
132.0,1.0,1531.900159485392,832.7701938579253
135.0,1.0,1573.2746454863839,735.597652341104
138.0,1.0,1408.7459676767576,689.853140450496
141.0,1.0,1384.2646957657707,738.3843465626719
144.0,1.0,1112.9739064738187,549.5759850251306
147.0,1.0,949.3631070755679,432.7803483692214
150.0,1.0,862.5284394886934,557.72011601464
153.0,1.0,864.0960848380427,781.1539670614293
156.0,1.0,864.591004474416,744.1974374542614
159.0,1.0,908.2276567445866,660.686663705344
162.0,1.0,905.0326745171787,508.36513067209063
165.0,1.0,816.065275058304,498.3389651404106
168.0,1.0,714.851425901792,561.788978113216
171.0,1.0,700.9054151132373,476.70336759334936
174.0,1.0,842.2975099276053,561.0142795243627
177.0,1.0,846.6072088552586,380.03778533621335
180.0,1.0,912.9313772392746,493.00054584434133
183.0,1.0,926.534328193296,763.3827239063572
186.0,1.0,913.323735887072,1051.0930549666666
189.0,1.0,915.9472616083253,1258.2305470573815
192.0,1.0,915.4352300357918,1320.347422227584
195.0,1.0,906.1351135186774,1325.0558592290188
198.0,1.0,1062.8137673632855,1238.2407806075041
201.0,1.0,966.6095637320959,1022.2289956375253
204.0,1.0,882.5381590905332,1111.1698767682933
207.0,1.0,982.9347803918987,913.3790824045494
210.0,1.0,1324.3940060559999,766.1680949169227
213.0,1.0,1230.032134389968,730.3634737282667
216.0,1.0,1022.1937500744534,695.0959643145067
219.0,1.0,1027.2515025894613,665.428881565808
222.0,1.0,992.297315517248,600.0189467141973
225.0,1.0,902.6928785108694,492.40867226973336
228.0,1.0,942.9772555488001,541.8819717665493
231.0,1.0,888.222235796928,660.8744641617227
234.0,1.0,815.5810214407093,1064.7364014748214
237.0,1.0,738.9236440530453,1190.5883311695522
240.0,1.0,934.4356636998614,1273.753684334192
243.0,1.0,1177.6989944603538,1258.849940218541
255.0,1.0,1256.4249225289975,771.2582833550454
258.0,1.0,1098.7979910856266,567.2461538800693
261.0,1.0,1056.5555584978881,594.4454713618027
264.0,1.0,1052.2757440823946,587.6029335257866
267.0,1.0,901.3666097160267,567.1672515417066
270.0,1.0,799.1134504714028,613.516611310816
273.0,1.0,859.6368195788214,560.8746709198559
276.0,1.0,889.3401971639573,496.72434821995193
279.0,1.0,916.31687717568,631.6876999767893
282.0,1.0,851.8136050826398,593.760656802048
285.0,1.0,843.7574524327466,675.2675301221386
288.0,1.0,695.5769151448106,715.2515347449599
291.0,1.0,651.8040389643306,836.6992653307733
294.0,1.0,643.3546512555307,975.0255824902347
297.0,1.0,638.8421402023787,1108.7503557409439
300.0,1.0,631.614299581712,1204.4455593017972
303.0,1.0,584.3175163426185,1173.1274791555518
306.0,1.0,526.0190524115146,1105.1925723317172
309.0,1.0,531.7506284203359,1008.738178213232
312.0,1.0,603.6037873216106,892.747083399744
315.0,1.0,1094.775579909103,744.9878871248924
327.0,1.0,1387.7962472207307,691.8850519890347
330.0,1.0,1253.7625656923467,753.5803423299467
333.0,1.0,1058.7252839546506,813.7554195078454
336.0,1.0,622.3378515993813,903.3274773469014
339.0,1.0,608.4244295579573,1054.972898990256
342.0,1.0,780.1877951835107,1135.4204333133182
349.0,1.0,972.5793769807682,915.7427580199095
352.0,1.0,1143.886299808432,695.1289078105652
355.0,1.0,1301.1966492316108,694.9939956217067
358.0,1.0,1273.9368763846028,588.0878807980533
361.0,1.0,1096.3310851131732,604.5808582374401
364.0,1.0,1028.0871846160853,704.678835414688
367.0,1.0,933.74686316416,560.4550487424693
370.0,1.0,998.3056759341707,504.67675820655467
373.0,1.0,1126.5998834751413,615.6209883283893
376.0,1.0,1057.3178837138082,689.0833358245441
379.0,1.0,1018.2816993853972,654.2406893952267
382.0,1.0,934.9385974453174,602.6823872304
385.0,1.0,947.1248506554026,606.6803639348427
388.0,1.0,1115.738811002688,775.565263271328
391.0,1.0,1142.989287086624,901.9514755673175
394.0,1.0,995.296202724324,824.5316314502707
418.0,1.0,742.0750486009492,147.74681690406135
421.0,1.0,798.8880893913174,205.92621647466135
424.0,1.0,928.541454051155,329.1475276171622
430.0,1.0,1007.3746851439892,436.4589445714987
433.0,1.0,1099.8329044763414,533.4947080413867
436.0,1.0,1174.5930816273656,553.5794488676266
439.0,1.0,1195.229329363744,559.7996607994666
442.0,1.0,1255.180111736192,593.2512357172373
445.0,1.0,923.9123777035574,539.2324920411199
448.0,1.0,811.2729296712054,500.0944351746293
451.0,1.0,807.6991338245281,522.4144876166614
454.0,1.0,769.8169264088052,536.6191396285973
457.0,1.0,883.3885224196106,536.094411264976
460.0,1.0,908.2329929086774,759.3836304616692
463.0,1.0,784.3818103590133,1052.5997123996747
466.0,1.0,823.6830229196053,1322.80170760712
469.0,1.0,880.0439870320533,1189.2797944871893
472.0,1.0,1092.3002728116267,1074.9140787820745
475.0,1.0,1238.3710234683786,1108.6378862655574
478.0,1.0,1032.4680982617813,761.2246763129973
481.0,1.0,924.227746886448,407.46858735832535
484.0,1.0,1001.1915190885493,447.3592901298827
487.0,1.0,778.0217496276796,587.6854303273647
553.0,1.0,568.581714277056,958.556082342976
556.0,1.0,729.365341766848,1371.7214745007252
559.0,1.0,659.5776352511573,1405.4171401117653
562.0,1.0,705.7529882395839,1322.8999740356585
565.0,1.0,795.4253201321973,1335.8652074250401
568.0,1.0,949.2970210177119,1474.8063654467944
571.0,1.0,997.671603186032,1295.8924642882932
574.0,1.0,1219.0288469915092,1107.3795418232532
577.0,1.0,1245.1481908423627,1029.9713251003948
580.0,1.0,1012.3901494218168,769.4450369833457
594.0,1.0,1147.898689620064,665.5202807213119
597.0,1.0,1537.968867113952,1089.7722843202346
600.0,1.0,1709.4849522958932,1379.4299730666291
603.0,1.0,1320.5861813987146,1254.7048173598614
606.0,1.0,1001.8350093818134,984.5379284665387
609.0,1.0,856.8414758942054,984.0732301469374
618.0,1.0,522.0598467077492,1197.1453038935572
621.0,1.0,571.120508137088,1255.2938986273493
624.0,1.0,692.2737818749492,1350.5695555314344
627.0,1.0,736.8971305184319,1521.362473346688
630.0,1.0,677.7096918474987,1245.8348675889174
633.0,1.0,677.654459442272,1137.576006675056
636.0,1.0,820.5832717406347,1036.246381022368
639.0,1.0,822.711338686336,795.6347215421973
642.0,1.0,650.5497281716854,673.1517207408373
645.0,1.0,481.4224585137333,856.479742921168
648.0,1.0,568.7783858016373,977.9217279909599
651.0,1.0,603.668485829856,1063.8042130642932
654.0,1.0,928.594499839504,1027.5719138788747
657.0,1.0,1145.6481741987038,1134.9436789334347
660.0,1.0,1139.5435268574508,1264.3180044142507
663.0,1.0,1203.26844716944,1606.0693182381492
666.0,1.0,1239.8912692067468,1647.5914620653014
669.0,1.0,1193.23008325104,1640.9561902308426
672.0,1.0,1057.2087749972534,1576.1057074419202
675.0,1.0,1027.5744821036908,1481.2922270509387
678.0,1.0,1031.8057859968267,1481.9700035657224
681.0,1.0,1075.1727877366293,1348.16532785704
684.0,1.0,804.9006557531253,1037.6761950677974
687.0,1.0,736.2829570160267,896.2402622786293
690.0,1.0,857.4747777827841,973.5222606697494
693.0,1.0,769.7246286751894,914.9584988167413
696.0,1.0,578.1667503769227,849.5310304234399
699.0,1.0,594.3338256791253,951.8430358521441
702.0,1.0,431.995441450368,910.9039841700854
705.0,1.0,352.67144724519466,910.5643632915734
708.0,1.0,413.305065057616,1039.7513800265494
711.0,1.0,495.39379009808005,1074.0541409224375
714.0,1.0,489.4927051005761,1070.5261853752959
717.0,1.0,407.2715159339039,1102.7598289107254
720.0,1.0,325.97198100291206,977.0985584949173
723.0,1.0,397.8092419634133,855.9736738206507
726.0,1.0,480.54607516961596,890.1334746707413
729.0,1.0,512.5435438037388,915.64841792352
732.0,1.0,583.1765253146773,737.8144508624214
735.0,1.0,589.412798813696,646.555300518256
738.0,1.0,798.3807852961066,881.5291804922721
741.0,1.0,380.2033363720516,992.2073742950721
781.0,1.0,187.89392197166399,1130.3425888932213
784.0,1.0,193.16188258719998,1256.6448558168959
787.0,1.0,271.382531288768,1152.4645513051041
790.0,1.0,445.9377098357119,894.0207335254881
793.0,1.0,776.0467224242079,836.0523172878293
796.0,1.0,966.3783209095947,800.7552349829707
799.0,1.0,1041.9559827560267,770.6637582984159
802.0,1.0,1102.4852027315947,658.526561644576
805.0,1.0,1053.1239035702774,670.3997516118826
808.0,1.0,848.20235693408,576.8367032541973
811.0,1.0,853.2970371431201,581.6067490306506
814.0,1.0,975.0154191477653,629.7851277474933
817.0,1.0,1008.85853715216,643.7856904916586
820.0,1.0,1103.3637056361652,612.0013819608267
823.0,1.0,1231.130146180203,582.9607905858667
826.0,1.0,1340.490100164944,740.2071205905067
829.0,1.0,1255.0375037531414,664.2125348190187
832.0,1.0,1161.422147444016,607.034218210688
835.0,1.0,1105.73983580576,578.8627671681867
838.0,1.0,1120.560277637216,784.4931863952161
841.0,1.0,1193.0957606813865,920.5171833002773
844.0,1.0,812.0104187908906,1022.14939228272
847.0,1.0,588.0606001273933,917.342652633035
867.0,1.0,623.9171996364854,1035.3733384276745
870.0,1.0,675.2506457713706,1333.2820981226773
873.0,1.0,747.5631861443945,1368.3358977414562
876.0,1.0,720.6462379541014,1298.4410212738028
879.0,1.0,792.7631909482134,1391.8039797273225
882.0,1.0,743.5681706737599,1431.8380375046347
885.0,1.0,806.922169088528,1479.5893219429709
888.0,1.0,937.2278730986027,1605.08831427712
891.0,1.0,1059.4701288191145,1785.5580837154612
894.0,1.0,1078.5339617686507,1686.3488960708855
897.0,1.0,1086.1182256828586,1508.9003970834876
900.0,1.0,1207.5814752896906,1295.3785939453492
903.0,1.0,1266.2087685219733,1086.8274579096428
906.0,1.0,1335.679790284022,1192.5358754076015
917.0,1.0,526.0821320412025,1217.667244694593
920.0,1.0,469.3370185588533,1258.353043956384
923.0,1.0,613.2843476817441,1244.4667834657655
926.0,1.0,728.7057130450986,1261.3707838039893
929.0,1.0,732.9844819305813,1344.04880539568
932.0,1.0,758.6567206293013,1403.2599931916427
935.0,1.0,609.079124581504,1305.3928536534188
938.0,1.0,639.4695596637813,1267.2652017715038
941.0,1.0,749.6904717188694,1343.5021344576799
944.0,1.0,733.8605363496321,1360.8610798733973
947.0,1.0,606.904013922224,1299.5595384160745
950.0,1.0,551.0880911246933,1088.6735278763254
953.0,1.0,685.8879272919894,1018.9147204238667
956.0,1.0,629.5036744198615,1106.68090507776
959.0,1.0,460.18343768801606,1149.382847569392
962.0,1.0,490.3659847952213,1159.1039787101388
965.0,1.0,606.7092287168267,1242.4901255287787
968.0,1.0,597.8421399692693,1256.2976581434666
971.0,1.0,563.125387329088,1047.8074958868108
974.0,1.0,532.9094147172533,1078.1599691625174
977.0,1.0,558.9928895706988,1109.2382789945868
980.0,1.0,574.2178776150613,992.7925448141067
983.0,1.0,458.4349005724907,923.264971227008
986.0,1.0,475.1077121001601,978.2143599703307
989.0,1.0,537.2709291313707,1109.7713218582878
992.0,1.0,634.7897737319361,1087.0852426400213
995.0,1.0,610.0419055268106,1099.7544731951946
998.0,1.0,400.26118247483197,1109.217454827904
1001.0,1.0,344.5325443766613,973.741742751264
1004.0,1.0,520.7053911970933,695.5041189194881
1007.0,1.0,815.3059470921653,596.1176098281547
1010.0,1.0,1039.6553989376587,745.3138907106719
1013.0,1.0,1227.0093845739093,791.410927126064
1016.0,1.0,1254.2144811561386,674.14281847272
1019.0,1.0,1189.7378672552375,654.1719664683679
1022.0,1.0,1097.08258559496,728.9230776660906
1025.0,1.0,1109.0779567055617,699.1168551627371
1036.0,1.0,1117.2226636499681,651.5993513666582
1039.0,1.0,1048.8490555292535,569.457456234112
1042.0,1.0,1036.1381596394453,519.1040035178773
1045.0,1.0,1179.317578730352,587.4495176993493
1048.0,1.0,1273.0471119410986,778.4893043038879
1051.0,1.0,1299.11647765352,1037.4412921670557
1054.0,1.0,1260.2023722418028,899.8740994102027
1057.0,1.0,949.29619264552,721.4079324459948
1060.0,1.0,864.302991423492,554.4785257215693
1085.0,1.0,829.0794038580212,121.63322576521598
1088.0,1.0,828.6005457792161,141.08548507178668
1091.0,1.0,881.5973837655787,221.480619748912
1094.0,1.0,1051.027110911216,266.47818704140803
1097.0,1.0,1090.9215147793386,248.09137763975468
1100.0,1.0,981.0652463573653,415.05458766051197
1103.0,1.0,827.120177724208,727.4892041903894
1106.0,1.0,708.3754517947626,1007.5842683301386
1109.0,1.0,731.1660144761173,1329.6422040270133
1112.0,1.0,878.9978191950772,1685.4947136454775
1115.0,1.0,920.5619728944588,1642.5098593498826
1118.0,1.0,864.8185691073759,1313.7456802503737
1121.0,1.0,817.2103645310186,1029.5640427451042
1124.0,1.0,798.8859547709493,971.4330581115732
1127.0,1.0,882.58169810152,1053.2464507474826
1130.0,1.0,829.0128333120429,1128.7916487422026
1133.0,1.0,835.1606723347894,1117.192215803776
1136.0,1.0,647.0816888602507,913.1872857897228
1139.0,1.0,716.326157947991,726.6412501077906
1146.0,1.0,966.1665391585067,627.286142239472
1149.0,1.0,1044.2199149852052,621.7129022907467
1152.0,1.0,1026.7532112477068,539.3644939230934
1155.0,1.0,1186.8045930437759,554.5551017872533
1158.0,1.0,1322.6777682719894,586.701513909664
1161.0,1.0,1328.0723626018878,626.86964912216
1164.0,1.0,1426.391007670528,719.7019261248587
1167.0,1.0,1342.7543858023628,761.9964685161175
1170.0,1.0,1338.2050921378025,772.2771821987681
1173.0,1.0,1387.0546199209705,891.5324264388106
1176.0,1.0,1461.5190755419999,861.189380419808
1179.0,1.0,1330.4921144293974,733.5426169619253
1182.0,1.0,1085.8771214465921,777.559921376704
1185.0,1.0,964.7718636902081,840.4223796547307
1188.0,1.0,879.8047995038987,682.1325375959094
1191.0,1.0,896.1145534948267,630.9679582421346
1215.0,1.0,930.2303184432427,1692.4126110157758
1218.0,1.0,898.4740429488587,1571.5150688335198
1221.0,1.0,865.2256364047786,1587.9921098750503
1224.0,1.0,954.8070981129813,1631.335386232976
1227.0,1.0,885.0334219981227,1439.4238435560267
1230.0,1.0,798.4455208823041,1335.5746603308373
1233.0,1.0,721.2157844507788,1192.5711409855733
1236.0,1.0,848.3977113023788,1213.7259878732962
1239.0,1.0,875.467239373712,1154.9701762749173
1242.0,1.0,963.191094235504,1146.3321738700322
1245.0,1.0,1066.1974930601011,1106.0624335891146
1248.0,1.0,918.6489370518293,730.2462824987093
1251.0,1.0,894.2778753887627,456.0021609284907
1254.0,1.0,897.3725880556,630.6797159239521
1257.0,1.0,955.4688793549653,575.7436175553227
1260.0,1.0,1035.3157841478508,475.1136252502347
1263.0,1.0,755.6614644797863,318.7964896630341
1316.0,1.0,599.6103591967359,236.74767125938664
1319.0,1.0,773.0697584680639,343.321833550656
1322.0,1.0,882.626175872816,475.73813661520535
1325.0,1.0,889.9209454644692,476.83862135971737
1328.0,1.0,968.2466946387307,552.6618271139093
1331.0,1.0,1135.9237725000373,713.6673842577226
1334.0,1.0,1125.474625305552,882.316954849632
1337.0,1.0,978.2963236616212,981.2533265850561
1340.0,1.0,727.0536594400907,961.5186618269121
1343.0,1.0,634.4037782632907,977.5459943452853
1346.0,1.0,827.9397545608373,1282.2776367270878
1349.0,1.0,858.3278990608479,1427.2249856730932
1352.0,1.0,846.3518638118345,1486.4868322541226
1355.0,1.0,980.097179343568,1358.9280585629388
1358.0,1.0,1073.5486327965334,1144.113462984624
1361.0,1.0,1095.9702311004746,1014.6381442071787
1364.0,1.0,1035.1779388459947,956.4724247742612
1367.0,1.0,987.2044550206666,888.5884144168907
1370.0,1.0,987.0077783351572,844.5591479320747
1373.0,1.0,969.0893224815627,809.4005980773227
1376.0,1.0,899.4831451691254,690.3125570059839
1379.0,1.0,801.538995426176,530.1169976079786
1382.0,1.0,860.8232548411147,466.21665291314133
1385.0,1.0,1158.50572986616,688.4995643110346
1388.0,1.0,1355.7653568109172,991.6318458647787
1391.0,1.0,1242.903658858688,1212.2522124761333
1394.0,1.0,1143.35527769792,1638.7052381007895
1397.0,1.0,978.86135919488,1827.1990968426242
1400.0,1.0,1017.8452394161174,1703.946726350837
1403.0,1.0,1054.1061432516053,1523.6691642391625
1406.0,1.0,875.279701687376,1311.9500357217705
1409.0,1.0,774.4099227828374,1437.6369841186026
1412.0,1.0,720.7476649320639,1441.0265270174025
1415.0,1.0,783.0589405205974,1372.9199043074987
1418.0,1.0,658.904956459824,1314.919353926464
1421.0,1.0,548.1421527551626,1307.6691997452692
1424.0,1.0,605.9595862604214,1338.3303969276212
1427.0,1.0,616.4461593178453,1295.343160104512
1430.0,1.0,582.8369039316053,1083.8983099033655
1433.0,1.0,713.477264079536,1080.362321977264
1436.0,1.0,566.7132107702827,918.0216339275466
1439.0,1.0,452.2212803278187,976.6407231920266
1442.0,1.0,484.1470867302989,1179.7101128156064
1448.0,1.0,497.39203489304356,1095.824625527532
1451.0,1.0,480.368287615136,952.63912407528
1454.0,1.0,508.9650756786027,983.1579293608107
1457.0,1.0,553.8291845973973,930.9997026409707
1460.0,1.0,901.9703361613614,881.5471915477806
1490.0,1.0,1071.2670858395575,854.1348131514079
1493.0,1.0,925.5742134054987,944.1274789435414
1496.0,1.0,1091.8752983098134,1154.0424827924105
1499.0,1.0,1350.643161868683,1266.1766367139892
1502.0,1.0,1714.5218059549225,1390.1163826165628
1531.0,1.0,427.28892964326405,428.1312445439376
1534.0,1.0,434.03657819576,419.90364959925864
1537.0,1.0,479.15466321461867,624.2513460293866
1540.0,1.0,612.2648074749867,1004.9021954847254
1543.0,1.0,821.1363580340961,1235.7418910043252
1546.0,1.0,1093.8797335337974,1351.2312444293282
1549.0,1.0,1155.6269053981234,855.6599718220738
1566.0,1.0,1090.197466239456,660.413756052768
1569.0,1.0,1084.3764230449813,890.1655694199948
1572.0,1.0,855.8263146190056,1000.8776770499936
1586.0,1.0,618.7924372173193,1229.0538894988786
1589.0,1.0,676.2593522484107,1187.3494651340748
1592.0,1.0,700.3461261099254,1206.5303671183467
1595.0,1.0,712.7615184540747,1197.8724069051307
1598.0,1.0,718.1716422955337,1231.774835046519
1604.0,1.0,610.5192977675147,1253.459139228416
1607.0,1.0,454.90427695051204,1165.06392390888
1610.0,1.0,405.1461034014774,873.0048127984425
1613.0,1.0,500.54681517480003,663.3197881135679
1616.0,1.0,913.9696213506827,648.8679493561226
1619.0,1.0,1425.2444161851627,803.2049986543628
1622.0,1.0,1644.539549738416,944.1547649765066
1625.0,1.0,1471.348866811824,923.7897314595999
1628.0,1.0,1377.5182997570453,916.2905579277281
1631.0,1.0,1247.8071307410294,678.1893606821441
1634.0,1.0,1173.5081330589119,666.4527413683894
1637.0,1.0,1115.1711352799412,835.6944636339628
1640.0,1.0,1008.5365780456586,855.4521737904853
1643.0,1.0,1030.0006462352746,742.2021392688745
1646.0,1.0,1165.06907337616,652.7845972931626
1649.0,1.0,1108.9680632705229,668.3898858662827
1652.0,1.0,982.4714137611094,592.0732907389225
1655.0,1.0,989.7015339454133,641.447181036464
1658.0,1.0,836.4119176851681,662.5183863210187
1661.0,1.0,734.3618364323219,927.3653195134084
1674.0,1.0,753.3518667211147,1450.819379031563
1677.0,1.0,902.2703378959733,1608.3757108251414
1680.0,1.0,925.9497105614987,1540.4335665350027
1683.0,1.0,825.5482389440746,1512.5783367667093
1686.0,1.0,922.2332404998615,1536.4053329146773
1689.0,1.0,852.5306219253972,1533.06345345888
1692.0,1.0,716.8900939173286,1320.36601554523
1702.0,1.0,582.3311576005227,1314.2357484366294
1705.0,1.0,724.3466368859467,1264.52577457216
1708.0,1.0,925.2130397228053,1199.9789699697494
1711.0,1.0,954.9705010222614,1264.508013324944
1714.0,1.0,854.1982723657885,1130.3045612519825
1725.0,1.0,488.88469873453914,1020.5963047071223
1728.0,1.0,545.9157935618667,1251.447138502048
1731.0,1.0,558.2094661014934,1255.5177409866399
1734.0,1.0,670.3435864818454,1262.248353690624
1737.0,1.0,894.7033259405333,1454.7862075749497
1740.0,1.0,730.933481738768,1239.0066959312053
1743.0,1.0,598.2926299645652,1123.727267957024
1746.0,1.0,611.7140821763413,1113.4063573054455
1749.0,1.0,656.9657717038933,1126.8797618163305
1752.0,1.0,765.4356636075894,1080.566210391712
1755.0,1.0,942.3177594398347,1034.6897627309065
1758.0,1.0,1086.3498282758615,1035.7302992458028
1761.0,1.0,1174.794133862,1066.7168495271735
1764.0,1.0,1322.3385465581011,1107.3905600056905
1767.0,1.0,1490.0138195314028,1114.2899589666133
1770.0,1.0,1552.5537329279894,1080.473699618448
1773.0,1.0,1519.0470992601283,1001.947007929728
1776.0,1.0,1373.351823126256,923.4256318622987
1779.0,1.0,1273.9334992011416,837.8873147766134
1782.0,1.0,1152.9978757421175,727.8591744874507
1785.0,1.0,959.4739846416641,627.2449276931574
1788.0,1.0,838.635802069328,637.6601191240907
1791.0,1.0,754.0864310746666,733.3144138779627
1794.0,1.0,771.3995432931306,732.661569969728
1797.0,1.0,926.1884615058985,820.5073704770988
1800.0,1.0,939.31763725128,627.7378046472027
1813.0,1.0,1027.1313677184214,532.3332180717226
1816.0,1.0,1260.2311778893545,599.5036651890133
1819.0,1.0,1510.6001171011947,855.2116552762985
1822.0,1.0,1588.700728388688,1075.7739751428535
1825.0,1.0,1471.7122274882133,1082.1219810031519
1828.0,1.0,1321.504234003424,1051.0395717460212
1831.0,1.0,1221.7249566333528,1100.5980221894924
1838.0,1.0,763.7226588152047,1344.9611089332268
1841.0,1.0,818.2986326958186,1521.0319688053971
1844.0,1.0,900.1265560926986,1532.383033708027
1847.0,1.0,908.2828453299786,1470.0492759782612
1850.0,1.0,895.53125731528,1475.3314748060748
1853.0,1.0,774.8184211998081,1513.5418847393228
1856.0,1.0,1092.7100178570026,1489.8908803351042
1859.0,1.0,1349.636870206192,1390.920056031936
1862.0,1.0,1158.7849343362345,1283.1886699747681
1865.0,1.0,830.064180346896,1068.676275111152
1868.0,1.0,840.7067246445546,1129.0413134923947
1871.0,1.0,951.1251954761652,1235.798913819088
1874.0,1.0,1079.9278300803041,1226.0109466040587
1877.0,1.0,983.6286020972854,1145.1482851364747
1880.0,1.0,962.0387238226348,1097.9858592288158
1883.0,1.0,1141.6701902950292,980.6839479194506
1886.0,1.0,1123.56306108184,747.2683765032853
1889.0,1.0,1108.0383639169438,515.8778841672639
1892.0,1.0,1264.5172285463148,483.45227507109865
1895.0,1.0,1227.9288752995571,488.7979783587093
1898.0,1.0,1140.2776493750187,624.2734886834293
1901.0,1.0,1087.8139984700213,689.2667534709386
1904.0,1.0,1141.880639094704,678.31031922576
1907.0,1.0,1183.7591746443575,695.1992385202666
1910.0,1.0,1243.308941426459,714.8443541762399
1913.0,1.0,1307.2864542821333,809.6867102621173
1916.0,1.0,1166.5035221559785,782.4304501041653
1919.0,1.0,1308.2611386868266,843.447764609872
1922.0,1.0,1368.8114826001865,760.6274696593226
1925.0,1.0,737.1931801902241,761.5341512558679
1949.0,1.0,568.8970415622454,1156.378920187872
1952.0,1.0,619.3914741281013,1518.9683168100266
1955.0,1.0,810.4237529278934,1654.6634433859733
1958.0,1.0,879.1846326215733,1679.8218487764534
1961.0,1.0,689.9224818381707,1376.4856353392158
1964.0,1.0,562.2889792886773,1063.1287815762025
1967.0,1.0,649.9813963046987,1041.7218870936213
1970.0,1.0,737.7194412869922,1270.01209122584
1973.0,1.0,746.801766416656,1393.9884188072108
1976.0,1.0,743.9567787108373,1397.2847249958452
1979.0,1.0,745.0504337023573,1273.9369914627252
1982.0,1.0,696.0432947580426,1225.8513388365227
1985.0,1.0,632.7473466296053,1147.8935644101068
1988.0,1.0,619.842585981584,976.2709535801014
1991.0,1.0,551.3951052240071,985.2561920394323
1995.0,1.0,441.97321318604264,929.1995104938666
1998.0,1.0,405.93400706074664,852.8753989073547
2001.0,1.0,352.641915108128,731.6969721903573
2004.0,1.0,270.00257752616534,719.320849405024
2007.0,1.0,332.2257216339147,920.1371498038933
2010.0,1.0,398.8371305910987,994.8700479041013
2013.0,1.0,446.4124570815946,790.4622965803733
2016.0,1.0,506.25425942431474,672.8747219091521
2019.0,1.0,780.1470949098666,765.9198701377227
2022.0,1.0,886.3309888493119,870.3148051799999
2025.0,1.0,806.2537374622293,958.4712013145972
2028.0,1.0,758.8543855316108,895.9203091633334
2031.0,1.0,799.2670478721653,878.2923505726345
2034.0,1.0,873.9341260338773,821.0943952012748
2037.0,1.0,994.2736462542827,974.5282404228586
2040.0,1.0,1012.8057235735893,961.9321282954135
2043.0,1.0,1092.5101773400268,795.2673900795199
2046.0,1.0,1150.3914975741548,699.7082342366239
2049.0,1.0,1099.5406713396371,658.3992044103946
2052.0,1.0,976.8426183686241,646.448805951088
2055.0,1.0,988.7077361111466,651.70102524608
2058.0,1.0,1066.3745654992908,664.9454786604
2061.0,1.0,1021.8712646686241,536.242867088816
2064.0,1.0,813.5307007951093,562.7176912442079
2067.0,1.0,930.9457660275147,807.2206009226293
2070.0,1.0,1052.0426334076053,907.8129330278935
2073.0,1.0,1022.8124393552213,908.3737000604374
2076.0,1.0,1171.6489531529971,1035.8346938054187
2079.0,1.0,1307.092943811536,973.056577431008
2082.0,1.0,1389.0830764344535,952.6354393120426
2085.0,1.0,1318.037659050048,904.5651513787733
2088.0,1.0,1296.1833597403306,879.6215163972266
2091.0,1.0,1226.7473073738136,901.615052960096
2094.0,1.0,861.2835694845706,862.3763297902987
2097.0,1.0,651.8328159240426,734.9224418262667
2100.0,1.0,740.2458630282827,744.7342540663626
2103.0,1.0,658.4143890763199,767.964773889632
2106.0,1.0,681.2029280732321,840.4023911066828
2109.0,1.0,778.2962503735947,931.5719683316214
2112.0,1.0,741.9672604380481,1062.3414526684373
2115.0,1.0,666.5226032217174,1193.7756436813122
2118.0,1.0,792.6815830005547,1229.8762148695357
2121.0,1.0,742.779791847113,914.0466174309316
2179.0,1.0,716.58450038208,586.944384716208
2182.0,1.0,843.0250488790185,589.1683838757548
2185.0,1.0,1032.8498967763198,543.8563060461601
2188.0,1.0,1088.376697717488,560.7220407077547
2191.0,1.0,1182.6178957769494,578.2168439394613
2194.0,1.0,1295.4406455991093,644.9616306176321
2197.0,1.0,1146.6064750692747,960.6540472390774
2200.0,1.0,1091.0933497367628,1140.1941525565442
2203.0,1.0,955.9916249563627,1164.5996550479251
2206.0,1.0,892.5504722157333,1164.357740276864
2209.0,1.0,940.9601723270829,1031.5414028085654
2212.0,1.0,1081.5336833269548,922.6293928718293
2215.0,1.0,1088.4705132204426,892.4537452670293
2218.0,1.0,1067.8012932617228,882.67837374368
2221.0,1.0,1200.3392274099253,703.3999340879519
2224.0,1.0,1280.9955010458132,699.6181218052267
2227.0,1.0,1287.6224451847465,606.908704484976
2230.0,1.0,1221.735733295232,591.2523338345867
2233.0,1.0,1141.7850321154294,621.8333958847253
2236.0,1.0,1021.5002459775733,645.7633062997653
2239.0,1.0,818.6172368579413,488.2747704313867
2242.0,1.0,723.7454540928426,476.0935865788693
2245.0,1.0,700.1299282767253,477.51938921372266
2248.0,1.0,684.8763689745547,537.8865408075734
2251.0,1.0,724.9732929528747,632.048787759344
2254.0,1.0,819.0178269216053,774.0558765867839
2257.0,1.0,878.8577726757386,871.7668724453866
2260.0,1.0,875.1890538697653,934.8912379684799
2263.0,1.0,813.4638339666934,960.601081322176
2266.0,1.0,739.982022323712,913.331287766336
2269.0,1.0,679.0860546181387,850.741928681472
2272.0,1.0,610.9900160489386,765.7726620571253
2275.0,1.0,559.4619332318987,749.2130927120534
2278.0,1.0,611.2429377964,877.0766128009333
2281.0,1.0,636.4486047790774,1074.3703965547786
2284.0,1.0,675.8767110946454,1351.052413834
2287.0,1.0,968.3300731018453,1559.745147517008
2290.0,1.0,1299.591621243296,1680.8594559457333
2293.0,1.0,1544.2425262168265,1655.5296056034879
2296.0,1.0,1573.485001634427,1540.2462987065758
2299.0,1.0,1557.4467172327998,1436.012657704992
2302.0,1.0,1533.593464118805,1215.2296211706828
2305.0,1.0,1512.351959320181,1110.6177111574773
2308.0,1.0,1542.8301813648695,1051.9387750078615
2311.0,1.0,1378.7748983064214,953.2749943160161
2314.0,1.0,1067.3642836776373,806.3664417262027
2317.0,1.0,848.727258107754,748.9780749146998
2329.0,1.0,666.0745871589844,1195.2147093108704
2332.0,1.0,644.35211720736,796.1141596151252
2335.0,1.0,840.892663558048,549.7651983360054
2338.0,1.0,1131.6569351755306,655.1064830484801
2341.0,1.0,1075.4347836160694,712.9941344678506
2344.0,1.0,1068.5415978790666,631.4812416508533
2347.0,1.0,919.7149462591041,533.0275212474827
2350.0,1.0,966.9747568502721,689.793063731072
2353.0,1.0,1131.2526982771253,706.1361176921013
2356.0,1.0,1261.1996260381654,648.9550689490346
2359.0,1.0,1137.7603796265228,592.0168625889654
2362.0,1.0,1056.4783637779733,585.6746544834666
2365.0,1.0,1070.1724495268907,671.9160072128853
2368.0,1.0,1220.6143310692694,684.0235155842133
2371.0,1.0,1581.809000782032,721.0637494320694
2374.0,1.0,1534.4123098335785,724.3207229150026
2377.0,1.0,1184.5495880955893,636.6632961546934
2380.0,1.0,1055.9937048929814,566.4572606440906
2383.0,1.0,1138.3637387887306,533.5788886395734
2386.0,1.0,1047.3539462685067,595.9321240383733
2389.0,1.0,973.158910819776,675.9010289885388
2392.0,1.0,874.0644008646346,662.2368467136267
2395.0,1.0,912.9532385698826,677.5649994742294
2398.0,1.0,941.4005642699734,780.6533304238827
2401.0,1.0,858.3309680502988,1032.3403511820904
2433.0,1.0,705.3159651621227,1240.7717027885335
2436.0,1.0,769.1577813246346,990.1418996752105
2439.0,1.0,726.031306724592,948.1957879626667
2442.0,1.0,800.1477531186666,899.0595075590986
2445.0,1.0,850.6593198885975,939.4397687527359
2448.0,1.0,946.1096862812852,1085.118713144368
2451.0,1.0,1299.2038514822027,1314.6032149051466
2454.0,1.0,1156.3285516161066,1473.6940597072214
2457.0,1.0,1082.9969678261014,1611.1163090505815
2460.0,1.0,1224.9798310124372,1670.6437255930452
2463.0,1.0,1284.3861001040214,1855.7481063176908
2466.0,1.0,1231.93412437144,1590.370768995472
2469.0,1.0,1368.100883164768,1384.1421790687946
2472.0,1.0,1778.1097581882666,1302.0917033524108
2475.0,1.0,1990.591517954037,1192.2359130226614
2478.0,1.0,1786.0084696704853,1090.6927245316958
2481.0,1.0,1729.8700544513385,1006.063372146656
2484.0,1.0,1822.855658828704,1151.5074490672694
2487.0,1.0,1488.641137473104,1115.5148835793868
2490.0,1.0,1040.750344137152,909.4605410940961
2493.0,1.0,872.777563750944,1077.5930645179733
2496.0,1.0,857.1739523737066,1252.149469818464
2499.0,1.0,923.7962719267199,1339.6150517952854
2502.0,1.0,827.9894027979808,1436.6804889854723
2511.0,1.0,720.502394856224,1521.003491794592
2514.0,1.0,789.318119126288,1493.7407003765384
2517.0,1.0,874.42353211728,1298.219337869088
2520.0,1.0,834.211349523168,1227.13177563064
2523.0,1.0,789.7326486690721,1197.044070873264
2526.0,1.0,799.4270339011254,1267.5729946207894
2529.0,1.0,804.5192451010666,1235.795160036848
2532.0,1.0,793.4152162775254,1273.2152288535467
2535.0,1.0,584.3366377154081,1227.054087359744
2538.0,1.0,589.5622275781813,1211.0716446315573
2541.0,1.0,596.416361985776,1197.4448413003095
2544.0,1.0,603.5788540375094,1198.7256519397495
2547.0,1.0,632.4421087760533,1227.3105455394134
2550.0,1.0,776.334162615728,1197.6690118590614
2553.0,1.0,869.7677709588,1080.2359424073707
2556.0,1.0,904.0670226398879,900.944496843072
2559.0,1.0,1109.8565785484054,867.4226896672694
2562.0,1.0,1284.647921083744,963.8278247894826
2565.0,1.0,1017.194755022656,937.4491093958826
2568.0,1.0,776.9535039417866,914.2823766580906
2571.0,1.0,936.2199403282826,717.8427367956853
2574.0,1.0,1044.117620514832,718.45920300912
2577.0,1.0,830.5659657522347,718.6380670976213
2580.0,1.0,459.471885811504,854.7080351033919
2583.0,1.0,505.2993732668586,1017.8319550288694
2586.0,1.0,508.20907638128006,988.732916053008
2589.0,1.0,434.81057787290666,1069.4877550764425
2592.0,1.0,527.801252862032,1006.4022782126134
2595.0,1.0,818.885043980752,846.55657505312
2598.0,1.0,1114.91559666808,773.4687524835094
2601.0,1.0,1338.4202413463572,676.6642434506133
2604.0,1.0,1358.3109494535681,605.8547839874933
2607.0,1.0,1257.411825536448,707.5194486621918
2610.0,1.0,1192.6592026640853,827.680384334752
2613.0,1.0,1153.138935898469,725.8222202561386
2616.0,1.0,1126.4887604301282,542.8165422625013
2619.0,1.0,1113.6763912101121,482.12465641968
2622.0,1.0,1107.1945745577707,629.2157192696001
2625.0,1.0,1050.5149246213653,652.2319813889761
2628.0,1.0,889.2477732951467,591.0099246716107
2631.0,1.0,806.8950501898613,362.51806991101336
2634.0,1.0,886.4677844116853,400.91866069458666
2637.0,1.0,977.2550998639254,556.534237128256
2640.0,1.0,1040.8789149006027,583.694530320192
2643.0,1.0,1101.9258306584854,624.0790374583092
2646.0,1.0,895.7545259273815,553.0745773666987
2649.0,1.0,797.6132895703519,720.5249609754613
2652.0,1.0,689.3847705354721,848.6058033791787
2655.0,1.0,746.442632083792,1061.2892333454506
2658.0,1.0,933.7289805678614,898.3920335059893
2661.0,1.0,1042.6098205033013,829.88213400328
2664.0,1.0,1040.8272054870667,1038.4070663160535
2667.0,1.0,1017.0797725693707,1240.9432464178187
2670.0,1.0,1075.3779477527999,1240.9813932393333
2673.0,1.0,1092.2989538629547,995.5031202683361
2676.0,1.0,1174.8818890371306,737.1356947564105
2679.0,1.0,1134.2163549534132,713.8410004080534
2682.0,1.0,937.8496815068214,485.1935742542027
2685.0,1.0,857.4845943339573,416.94673279700805
2688.0,1.0,788.691056946224,445.04094986963196
2691.0,1.0,755.363431483616,571.0985953653867
2694.0,1.0,718.7958567769014,739.6555424605226
2697.0,1.0,719.9754679276639,846.449349868656
2700.0,1.0,717.9391417438079,873.864658482176
2703.0,1.0,723.6601523383093,834.8580463721173
2706.0,1.0,668.866912968928,757.3889812413546
2709.0,1.0,595.2569572857066,655.4345397385547
2712.0,1.0,523.4545001580108,568.1810059404092
2719.0,2.0,547.8578245327485,600.3558631338902
2736.0,2.0,476.28487887983584,660.7615639453328
2739.0,2.0,723.5996695778294,740.2118504464693
2742.0,2.0,764.3594890011627,701.5195974718721
2745.0,2.0,841.0871157424326,709.366623108312
2759.0,2.0,665.7932707972417,1164.549588776645
2762.0,2.0,705.9593201804479,1178.8392330009922
2765.0,2.0,936.2694104853175,1329.638261577776
2768.0,2.0,1148.3704772178987,1571.3981408497332
2771.0,2.0,1097.5094080165388,1575.4858404220056
2774.0,2.0,857.3026674605386,1380.5793238849174
2777.0,2.0,578.4405750985333,1243.7238851409227
2780.0,2.0,579.802982325824,1301.4334875476268
2783.0,2.0,766.5096870681067,1285.756744201232
2786.0,2.0,731.8376205488639,1243.9047449900747
2789.0,2.0,725.3152808088427,1333.5118054249388
2792.0,2.0,732.1020786907147,1231.1089869664586
2795.0,2.0,509.7475838279147,987.2851804352213
2798.0,2.0,317.408727782896,920.170290943312
2801.0,2.0,434.433108641744,951.1111166952373
2804.0,2.0,614.669370821136,930.9655528044213
2807.0,2.0,913.9642141685707,862.5057864025334
2810.0,2.0,1064.5886065284747,731.1556086180854
2813.0,2.0,1048.98527377888,596.2327393294453
2816.0,2.0,956.213637833952,555.3961053072853
2819.0,2.0,746.9583789166107,808.1557725441575
2837.0,2.0,593.92963440736,1241.4846352709494
2840.0,2.0,734.2705993158614,1366.2243886337335
2843.0,2.0,886.5303202075842,1416.3112799809917
2846.0,2.0,926.12948295764,1489.6606374696796
2862.0,2.0,577.5928894309333,1354.2555480018666
2865.0,2.0,582.5768725925653,1376.3566538302882
2868.0,2.0,717.0089489305492,1379.0652578100214
2871.0,2.0,722.2706713488479,1391.072433887152
2874.0,2.0,635.9200468146666,1353.557954595152
2877.0,2.0,766.7646696692641,1652.8037414430612
2880.0,2.0,727.0107186306346,1587.3736322307734
2883.0,2.0,806.7157940197973,1247.6084009095787
2886.0,2.0,962.2197745252106,935.2711207888319
2889.0,2.0,1182.2771648087735,787.213588323632
2892.0,2.0,1528.5548422364639,935.0371369513387
2895.0,2.0,1594.9487174489493,1090.1855801561549
2898.0,2.0,1628.2059359940747,1102.5499965488214
2901.0,2.0,1292.1074572133386,887.4025141467733
2904.0,2.0,817.8479351245387,749.6976880128747
2907.0,2.0,586.7444914751147,848.4659057290665
2910.0,2.0,582.7652739558774,926.516902074832
2913.0,2.0,612.63151543358,1152.6823357361282
2926.0,2.0,358.1540773816907,1137.4806983520532
2929.0,2.0,440.59010089706135,1146.4723306525493
2932.0,2.0,347.26813347458136,1066.538944299691
2935.0,2.0,411.7245902467307,1122.6340845176694
2938.0,2.0,619.6222146971626,1172.1801318645173
2941.0,2.0,594.663243585584,959.0483280323946
2944.0,2.0,778.7390565207573,800.9829091438933
2947.0,2.0,1027.5885391549014,866.546331579984
2950.0,2.0,1004.04775988072,899.2362667770507
2953.0,2.0,963.1156936348426,689.6795638865013
2956.0,2.0,1003.3884733323413,812.3151398308428
2959.0,2.0,664.1680799607534,741.3150315878526
3022.0,2.0,574.1728432372,972.6136331353173
3025.0,2.0,683.1535001476959,1383.8775790062293
3028.0,2.0,715.0566835383094,1480.371195855557
3031.0,2.0,1051.9459651656587,1682.0230280086664
3034.0,2.0,1109.4281792470827,1385.1068610568266
3037.0,2.0,1113.485271738832,1173.360524708464
3040.0,2.0,1119.6546477417974,957.0873004511947
3043.0,2.0,1097.7840669824589,802.5178676260107
3046.0,2.0,1023.5648921819947,665.256770902384
3049.0,2.0,943.198656649792,520.083689890144
3052.0,2.0,827.4951948898773,467.27331608345594
3055.0,2.0,664.2905101701386,565.100086727536
3058.0,2.0,730.5475809928535,731.5597011402506
3061.0,2.0,913.282494608688,1114.7128317934241
3064.0,2.0,792.4546822652401,1134.209075892144
3079.0,2.0,549.2212516551982,1274.130244599714
3082.0,2.0,591.3480760791894,1302.9950351404107
3085.0,2.0,672.0590237405706,1129.3463179797386
3088.0,2.0,771.9948403409759,776.5266713953706
3091.0,2.0,964.5021021998879,660.7432228871307
3094.0,2.0,1090.265526409936,741.4403990782613
3097.0,2.0,1022.384843606544,844.3242527727253
3100.0,2.0,934.8126591203521,676.1960991940426
3103.0,2.0,875.9411620388106,640.1855489965279
3106.0,2.0,766.7607535148107,617.195286724208
3109.0,2.0,649.1685867060773,599.6275896059866
3122.0,2.0,558.3928939159733,277.33042903630934
3125.0,2.0,931.3465259212693,409.49912274550405
3128.0,2.0,1374.2104081404002,682.4809292985652
3131.0,2.0,1429.7830780208906,769.6267891861013
3134.0,2.0,1488.2355991991308,809.8928624642932
3137.0,2.0,1731.1654218486026,961.4170032751307
3140.0,2.0,1749.8423509533068,1148.5828781361868
3143.0,2.0,1260.5462216022133,1082.897941232272
3146.0,2.0,937.213957309776,978.5209736773119
3149.0,2.0,613.120856373552,1068.9924664193013
3152.0,2.0,482.5952018628747,1129.6978387040265
3155.0,2.0,406.32352278204263,1162.5363564607949
3158.0,2.0,454.61690031433074,1021.175650847808
3161.0,2.0,595.8986363623413,770.9380625970986
3164.0,2.0,750.5279553274294,786.0388681036053
3167.0,2.0,787.5291987967253,1065.7219705601813
3170.0,2.0,798.8141182233649,1554.7562455363886
3176.0,2.0,775.2720520570774,1916.7522945940855
3179.0,2.0,888.3355941340427,1823.496244134587
3182.0,2.0,879.1399718679894,1562.8265495931146
3185.0,2.0,868.0971336881918,1408.3688551647092
3188.0,2.0,873.4775929282667,1193.7077188386293
3191.0,2.0,899.3332838477546,1239.224170685632
3194.0,2.0,772.3086894864106,1137.773291091072
3197.0,2.0,707.589931181984,923.1419754190773
3200.0,2.0,790.3486521529334,789.703270691904
3203.0,2.0,1003.4380031283681,651.3280231585013
3206.0,2.0,1141.9291811448531,567.2309956050346
3209.0,2.0,1060.6216787405385,662.9199297099573
3212.0,2.0,934.0704843537706,748.600682372944
3215.0,2.0,843.5760279377067,847.1584440237974
3218.0,2.0,817.6690264473494,785.473242456192
3221.0,2.0,761.9410041286187,681.4764759643946
3224.0,2.0,721.3583324680745,647.4216075156587
3227.0,2.0,814.386447913936,589.498570236704
3230.0,2.0,970.2751051699788,572.027746243024
3233.0,2.0,1112.630685996992,756.6173079942613
3236.0,2.0,1189.9652522023682,706.8862112443679
3239.0,2.0,1233.1642015124905,648.0910637639627
3242.0,2.0,1290.3961118401066,658.7130596009387
3245.0,2.0,1427.7790554356852,799.6773346852374
3248.0,2.0,1167.2019484136742,413.0197751422401
3298.0,2.0,862.4527444748693,166.17791233219734
3301.0,2.0,710.1535777454827,242.25360462922666
3304.0,2.0,567.8092854153226,272.2379272578613
3307.0,2.0,808.3453041146614,475.54154258142927
3310.0,2.0,921.9880110627254,540.0105326191733
3313.0,2.0,1166.143137340832,476.67947588927467
3316.0,2.0,1269.6138179911734,638.1444597566614
3319.0,2.0,1153.2042841886935,714.9324307080374
3322.0,2.0,1337.4882706798987,656.4412218920427
3325.0,2.0,1284.9122235472107,616.5316883694505
3328.0,2.0,1088.901583787344,704.4314257353493
3331.0,2.0,1012.6397954472267,794.7969411658614
3334.0,2.0,975.541422885296,782.7522647142932
3337.0,2.0,962.969125172944,714.155454347936
3340.0,2.0,959.0352213752053,601.1324094819306
3343.0,2.0,800.4236147009441,666.9491338298186
3346.0,2.0,642.4905252355467,866.7427163703252
3349.0,2.0,428.83022821490664,1028.8046036604374
3352.0,2.0,424.7745793798401,1080.251200191248
3355.0,2.0,633.253101682368,1203.4466304959788
3358.0,2.0,574.4819683411253,1198.4932870046398
3361.0,2.0,541.8764693907841,1220.0648815097386
3364.0,2.0,644.5062056411093,1294.9319458284692
3367.0,2.0,527.2211061449375,1214.781343378929
3419.0,2.0,56.60979488507521,529.7934336702742
3441.0,2.0,233.02839364502287,809.6991246883863
3444.0,2.0,168.49164497936002,696.6896951275361
3447.0,2.0,164.74168720805332,633.5101660115894
3450.0,2.0,166.030419434688,668.7388429884853
3453.0,2.0,171.60863304757333,753.8486931137546
3456.0,2.0,275.00406825666136,750.2789526080106
3459.0,2.0,509.31677355150396,689.9628311217493
3462.0,2.0,757.594851370464,613.476052284048
3465.0,2.0,844.6493511506346,564.4606809628
3468.0,2.0,792.9546651251734,507.46080966778123
3471.0,2.0,732.500483682816,462.91175323638396
3474.0,2.0,703.0021182777706,614.6511598331626
3477.0,2.0,698.3379992991307,817.43743161496
3480.0,2.0,682.2874042630027,1224.7523158407732
3483.0,2.0,998.3253629139148,1564.2532676055253
3486.0,2.0,998.5458789157547,1499.2160290925494
3489.0,2.0,794.0780500420809,1298.7952296602678
3530.0,2.0,621.8239353655041,1274.2846814521654
3533.0,2.0,611.6605874997813,1250.0870507707145
3536.0,2.0,756.921595468208,1240.1511043776638
3539.0,2.0,739.484003353056,1221.1789492737441
3542.0,2.0,583.4306319131787,1175.538673208176
3545.0,2.0,637.9216099053333,1386.3729740220426
3548.0,2.0,817.819845510096,1601.6114217348802
3551.0,2.0,772.6726142656853,1507.0973123563733
3554.0,2.0,662.9214250768322,1255.3995031362613
3557.0,2.0,645.0507605265494,1203.9477716983306
3560.0,2.0,829.7654916773387,1127.3485216985707
3563.0,2.0,974.5851073429973,982.6393459084907
3566.0,2.0,955.20703354128,786.158426964144
3569.0,2.0,817.3412977449485,727.2636779711762
3573.0,2.0,973.2886767945653,810.7124933320907
3576.0,2.0,1086.7491213896694,906.7976124371947
3579.0,2.0,1039.5759873733173,837.7276751785494
3582.0,2.0,987.4916064741227,722.4101936543733
3585.0,2.0,1020.452860488352,683.8145889891999
3588.0,2.0,923.8330919188161,643.7613743036587
3591.0,2.0,877.1449673317175,615.0926689487786
3594.0,2.0,942.0051273123413,586.8177340342133
3597.0,2.0,923.321309473984,795.9583203149281
3600.0,2.0,913.5117395754133,1090.1700597031468
3603.0,2.0,865.4962457385013,1225.9214693896747
3606.0,2.0,624.7598095025654,1227.8953075042025
3636.0,2.0,48.282459346434656,627.8220030187155
3639.0,2.0,48.90651080015999,619.3213582071894
3642.0,2.0,102.37634427697066,579.6885480649653
3645.0,2.0,424.51085217243735,655.5274352508319
3648.0,2.0,726.2411021478987,669.770373203488
3651.0,2.0,761.2176017667147,682.0871022994774
3654.0,2.0,599.8727014542134,743.290217824832
3657.0,2.0,641.5885110507253,898.0111944339147
3660.0,2.0,809.0407074893747,942.3186557886725
3676.0,2.0,808.1752190626186,869.4306127944001
3679.0,2.0,709.5316970890775,749.1820449199946
3682.0,2.0,808.0359532033175,683.8706923130399
3685.0,2.0,1020.6359995311308,726.5450756029227
3688.0,2.0,1204.9645972281278,914.2877222118027
3691.0,2.0,1348.6393251826028,948.8443331206132
3694.0,2.0,1300.188305509184,934.4142004959253
3697.0,2.0,1224.7033603253278,946.7814653604479
3700.0,2.0,1153.6155585554295,866.3479416057334
3703.0,2.0,1074.9133618792,698.6196431149814
3706.0,2.0,1113.1831916428052,686.6962183708052
3709.0,2.0,1181.37788631944,738.3672319259146
3712.0,2.0,1198.958384540523,677.118022811904
3715.0,2.0,1114.6768030859573,563.307273655104
3718.0,2.0,1166.6316021315147,634.545155374624
3721.0,2.0,1174.6729915528267,691.5850614201281
3724.0,2.0,1248.7883615810667,721.5382257196212
3727.0,2.0,1027.2806965511948,693.94343896808
3730.0,2.0,938.3847390930187,621.676530929376
3733.0,2.0,1027.9479573147785,645.7867932073653
3736.0,2.0,1159.1539677758985,628.9784750326613
3739.0,2.0,1329.1816030529653,750.865449134752
3742.0,2.0,1356.0760017072269,701.6979339684107
3745.0,2.0,1153.7139599273387,758.5842020417226
3748.0,2.0,996.5728037055574,766.4909911931678
3751.0,2.0,996.2771943128213,680.477981253168
3754.0,2.0,1194.6953975374026,691.3282170021813
3757.0,2.0,1387.7568158807574,717.57728849568
3760.0,2.0,1424.094550533072,733.1721086933813
3763.0,2.0,1483.728407731669,787.8591380674346
3766.0,2.0,1468.6151173204426,904.309130609376
3769.0,2.0,1338.3881853665332,802.408333680704
3772.0,2.0,1177.3863230387146,552.9035062410347
3775.0,2.0,1059.9132038727307,586.9908640001387
3778.0,2.0,1055.90684739256,620.0210841968106
3781.0,2.0,964.6012545877334,600.4237368986827
3784.0,2.0,1047.9273464304235,634.5600225577367
3837.0,2.0,1109.001755701808,569.251694792032
3840.0,2.0,1205.7752816704854,624.3472285272534
3843.0,2.0,1127.1021086501705,589.0275337220801
3846.0,2.0,1302.274404489968,637.0666031057706
3849.0,2.0,1433.1443178715624,698.1683838723147
3852.0,2.0,1318.21928201016,636.8065772351999
3855.0,2.0,1239.1939685217174,485.29359729156266
3858.0,2.0,1221.1898280726828,600.9528078035946
3861.0,2.0,1107.2523977200215,764.851105528288
3864.0,2.0,1006.5930521900373,727.8231632425654
3867.0,2.0,1048.5657304714293,763.3664993038293
3870.0,2.0,952.9926558027361,633.445441583376
3873.0,2.0,985.0518596690293,590.9692501678774
3876.0,2.0,1100.772787277904,754.0558668817439
3879.0,2.0,830.15783185824,971.7920796536533
3882.0,2.0,746.6878579409546,1018.2728166594561
3885.0,2.0,716.376564747712,1025.5975586191787
3888.0,2.0,764.2586587831306,1046.4078580036373
3891.0,2.0,759.2469559216161,1079.2121887353812
3894.0,2.0,682.5150522444693,974.7838645744587
3897.0,2.0,754.7719937287146,941.5637833175894
3900.0,2.0,756.5479897827094,814.2659713356426
3903.0,2.0,852.0342283154934,954.2087905045814
3906.0,2.0,1092.88587024128,1044.8907991863628
3909.0,2.0,1206.465146568299,1019.74595726728
3912.0,2.0,810.3285251227127,404.51631292648193
3948.0,2.0,701.569198401248,97.98503584473066
3951.0,2.0,630.8078684600214,213.67370752866668
3954.0,2.0,707.2983251364745,422.73072046597343
3957.0,2.0,745.345627534672,352.673735588176
3960.0,2.0,766.65474948568,331.8036134509653
3963.0,2.0,767.1605284113388,272.30141145837337
3966.0,2.0,828.7713452449707,190.756821418128
3969.0,2.0,878.6954891784694,187.93939623934935
3972.0,2.0,771.288484019696,257.619395975264
3975.0,2.0,751.7787170113974,567.0846059688107
3978.0,2.0,735.9431984647146,1010.4087715150399
3981.0,2.0,696.396734660384,1127.8732824789706
3984.0,2.0,658.0330342574293,1093.7026512965333
3987.0,2.0,682.7449107945973,1353.0881449878452
3990.0,2.0,905.0165718643999,1754.6791098740052
3993.0,2.0,1033.1523133706187,1783.7686904738239
3996.0,2.0,1040.530517868832,1793.2828718712215
3999.0,2.0,1097.0599113557228,1552.12010801888
4002.0,2.0,1132.2348799435392,1291.321115525922
4008.0,2.0,798.8460021676374,1151.2210217727416
4011.0,2.0,646.7560674266133,1127.1787989254133
4014.0,2.0,614.5824944069227,907.509186620064
4017.0,2.0,756.428956793824,522.165676750176
4020.0,2.0,1033.9477818210826,585.484987054176
4023.0,2.0,1085.3656118774186,778.0790846357386
4026.0,2.0,1079.8625678728213,740.3585215502881
4029.0,2.0,886.4962821911413,913.4821355986132
4032.0,2.0,737.6575956330668,1041.8354348233386
4035.0,2.0,774.4817114498933,1166.7209174205811
4038.0,2.0,679.2067481428161,1249.980446156608
4041.0,2.0,611.4739203956854,1181.6050430997332
4044.0,2.0,687.8002860439307,1091.413486920352
4047.0,2.0,741.5070667304159,1138.7646033762828
4050.0,2.0,755.1368925010025,1255.7300430063626
4053.0,2.0,726.3097577568427,1205.0625519827465
4056.0,2.0,636.1569603773972,1014.3308175713333
4059.0,2.0,528.5639910867413,937.8796894776052
4062.0,2.0,617.748496601232,1111.3058712047145
4065.0,2.0,649.2168566037707,1234.9126608344748
4068.0,2.0,509.89352429521597,1206.5581240835893
4071.0,2.0,568.4052450561653,1177.221712477088
4074.0,2.0,567.0556202750294,1053.1378386573226
4077.0,2.0,456.3963464967467,970.7358738597708
4080.0,2.0,426.45233735676265,1002.4841361100321
4083.0,2.0,444.47417367164803,1046.2640835787786
4086.0,2.0,493.02782848474135,1173.6259887939893
4089.0,2.0,566.1584072477066,1201.4386588109546
4092.0,2.0,671.9928881877813,1114.4622418195465
4095.0,2.0,668.7191841776054,1015.3075615418934
4098.0,2.0,688.8995980825395,1011.717196034058
4127.0,2.0,509.4601126339858,575.4951849086151
4130.0,2.0,474.31701612896535,633.0316041239199
4133.0,2.0,486.8090253180587,855.604899470144
4136.0,2.0,593.7697302805013,1119.4591214434774
4139.0,2.0,581.4587408812747,1096.324587038704
4142.0,2.0,512.5520733184586,1048.3764381704852
4145.0,2.0,721.2897797461227,1021.3372302291946
4148.0,2.0,1035.782495377136,958.6555314409334
4151.0,2.0,1310.6995407770507,899.7231860283733
4154.0,2.0,1155.819249751616,889.763817691024
4157.0,2.0,1107.973841067659,820.4424542584214
4160.0,2.0,1327.2760842413227,1002.9215528403998
4163.0,2.0,1240.7244810661866,863.739603616208
4166.0,2.0,1014.3931008902133,632.4443725733921
4169.0,2.0,957.7621870048747,487.92903886996265
4172.0,2.0,1061.28671767176,544.7561205848427
4175.0,2.0,1016.6388451681868,700.936698505984
4178.0,2.0,966.67922089264,649.33471611584
4181.0,2.0,850.6993272630986,599.5997465363786
4184.0,2.0,828.5701125869123,543.090030333574
4192.0,2.0,872.3781268855895,550.8682208010773
4195.0,2.0,842.5022835325066,607.492789815584
4198.0,2.0,778.0663945829293,627.7333529445276
4203.0,2.0,716.2762335618304,882.2517629651135
4263.0,2.0,769.706788264912,984.1628399368641
4266.0,2.0,925.8092232104906,914.4098594988801
4269.0,2.0,1067.3257761533869,759.5100178017868
4272.0,2.0,992.6129759503242,816.4173401595841
4281.0,2.0,738.834939992768,1190.9479236092586
4284.0,2.0,718.8146564806774,1287.7715435585387
4287.0,2.0,763.7853516283734,1383.5517575361762
4290.0,2.0,908.71781701064,1482.746081708112
4293.0,2.0,994.32006725341,1544.62073954722
4302.0,2.0,741.4317312852694,1487.969959622832
4305.0,2.0,667.9612932175679,1503.808904367376
4308.0,2.0,638.3825670843253,1410.2521185651628
4311.0,2.0,593.1823533782508,1200.651172547744
4314.0,2.0,568.2252169813813,1118.1228464982294
4317.0,2.0,616.9287371042719,1166.43511241672
4320.0,2.0,669.7537318680373,820.8605526453866
4323.0,2.0,856.3839720944428,551.2904068112053
4326.0,2.0,789.0213428208214,726.1887303576053
4329.0,2.0,707.4582026706188,808.48164579408
4332.0,2.0,475.3195408818462,761.8773833533254
4337.0,2.0,509.96460804389864,834.1463920747306
4340.0,2.0,642.3272488939414,1092.6807838187895
4343.0,2.0,487.46980688503976,840.7114447344783
4369.0,2.0,363.0420560236266,530.5612111219467
4372.0,2.0,495.7331280577867,517.3477882869814
4375.0,2.0,648.3852905133333,605.7355718894187
4378.0,2.0,700.779172495344,686.0350155612108
4381.0,2.0,730.9255389411232,581.9750040150517
4438.0,2.0,582.3342591885066,214.48327074259728
4441.0,2.0,778.9401674861759,339.216247066896
4444.0,2.0,1136.711208105424,744.2816713964534
4447.0,2.0,1629.2121576540712,1265.5344276138933
4454.0,2.0,1352.2801748593022,1447.0302455001738
4457.0,2.0,1011.4560004897494,1361.7465449371148
4460.0,2.0,588.2954199732,1236.3701545273334
4463.0,2.0,468.05922045496004,1155.3214470497921
4466.0,2.0,477.913766505168,1095.0617670290667
4469.0,2.0,375.1967099086575,843.1591415310914
4669.0,2.0,447.6410624161111,425.2487643860531
4672.0,2.0,849.6410484436107,518.6219068606454
4675.0,2.0,1070.8459515631255,591.7651783397761
4678.0,2.0,1099.20912990352,728.9628254036265
4681.0,2.0,1130.7282202857866,686.6391774062987
4684.0,2.0,1001.4017838920107,554.5669186160907
4687.0,2.0,978.4136000705174,566.96627308816
4690.0,2.0,1183.2367751711201,483.58497843082665
4693.0,2.0,1254.8944779175254,457.934306418896
4696.0,2.0,1194.9485244629866,443.79508540658134
4699.0,2.0,1144.6950624538292,509.8009832675734
4702.0,2.0,1126.5905136565866,601.0325515269919
4705.0,2.0,1054.0595227581496,627.202886624704
4708.0,2.0,975.5549169772908,582.7965895779947
4711.0,2.0,882.854894477744,535.2752231846188
4714.0,2.0,757.82583354688,470.5211636617493
4717.0,2.0,638.411390127184,442.72687616393597
4720.0,2.0,589.4339907998133,552.948787449648
4723.0,2.0,685.4261617021601,700.20073605992
4726.0,2.0,874.069991480736,785.464686935008
4729.0,2.0,1194.729961646544,975.6195472690239
4732.0,2.0,1191.8954486543787,1018.2443326424747
4735.0,2.0,873.2324514340698,1009.2980119010773
4744.0,2.0,913.0667483431456,627.9966304078342
4768.0,2.0,929.6845769432053,462.4610469338133
4771.0,2.0,1071.5113090927518,475.1976880985333
4774.0,2.0,801.5331126822053,269.0928817740836
4815.0,2.0,857.6207805608427,265.8028138852587
4818.0,2.0,1076.6267936512802,493.22409244497595
4821.0,2.0,1015.2678954229441,647.8358528181708
4824.0,2.0,1144.8986845038453,850.6757107941013
4827.0,2.0,1305.2165634552214,1120.1320528607946
4830.0,2.0,1384.2865379038774,1217.6966323847412
4833.0,2.0,1197.703163142016,1028.0969846176906
4836.0,2.0,1023.6055041827573,790.1992668526879
4839.0,2.0,1051.1819885825228,721.8310444102186
4842.0,2.0,621.0015093952557,669.696960762813
4918.0,2.0,499.1542440965173,884.1441842672053
4921.0,2.0,631.0610466200693,1203.3212910404854
4924.0,2.0,799.303239062368,1425.1175935827575
4927.0,2.0,977.1922213660695,1384.9778168190771
4930.0,2.0,597.0185360598808,1028.4857439795198
4939.0,2.0,357.050377628912,905.1545307018667
4942.0,2.0,294.57031425534404,962.6218539202506
4945.0,2.0,418.139049681584,961.7191199301333
4948.0,2.0,543.5599014428373,1024.5816351849974
4951.0,2.0,616.8397335419841,1101.930204987056
4954.0,2.0,619.2388088226506,962.5530243101867
4957.0,2.0,623.1581519846613,730.2972736494613
4960.0,2.0,646.6589949167786,531.8307522504053
4963.0,2.0,898.843579122496,612.6232982151413
4966.0,2.0,1236.218562281648,962.0793707966135
4969.0,2.0,1390.2898308565334,1101.1245776246399
4972.0,2.0,1363.4310149651947,1039.757576090624
4975.0,2.0,1267.5621326789599,943.814334730896
4978.0,2.0,1226.6133274100105,1001.2931578663841
4981.0,2.0,1184.1848460444428,1108.9098287284908
4984.0,2.0,1216.4578483208695,1205.3165972459735
4987.0,2.0,1196.8790962115306,1253.458167157536
4990.0,2.0,1086.043905124112,1237.0014905804746
4993.0,2.0,952.225454547808,1165.4200418859573
4996.0,2.0,810.0829170544854,1101.6309786247255
4999.0,2.0,683.8032730586987,1036.7325179173706
5002.0,2.0,555.73616158744,988.8101538190986
5005.0,2.0,515.758974641808,1010.16597911712
5008.0,2.0,463.7577267204693,1052.14449923744
5011.0,2.0,380.7159541824374,1118.5618448848427
5014.0,2.0,370.90677710064534,1200.9680577988854
5017.0,2.0,431.316509550848,1333.40279482368
5020.0,2.0,500.43368530245334,1432.59261960344
5023.0,2.0,572.8912462241814,1498.2702005271146
5026.0,2.0,676.5902109764053,1537.5773255313973
5029.0,2.0,638.2229558905866,1585.8627434951359
5032.0,2.0,734.8757114876961,1740.003198980645
5035.0,2.0,800.2224202188321,1768.7871549216052
5038.0,2.0,850.0403380254987,1722.881725843765
5041.0,2.0,1045.2425617919093,1697.181002436096
5044.0,2.0,965.2434561338454,1451.3250409185227
5047.0,2.0,963.376656655936,1469.205797009984
5050.0,2.0,967.0843716212853,1494.3160051089546
5053.0,2.0,639.6866785640533,1436.9929720766613
5056.0,2.0,596.9209376343439,1289.5505278162748
5065.0,2.0,555.9858675729982,1354.4562734700974
5068.0,2.0,571.0583431447359,1368.0247442102238
5071.0,2.0,663.9120093684587,1283.742244461264
5074.0,2.0,698.6062693773653,1263.0526711816426
5077.0,2.0,680.8869349514454,1168.7372308423148
5080.0,2.0,709.7702148162347,1014.8735458871039
5083.0,2.0,722.06163440416,1139.855833255424
5086.0,2.0,673.2917246849227,1291.7973268192638
5089.0,2.0,501.55513977680533,947.2353539181335
5092.0,2.0,564.961549933408,877.0696659275519
5095.0,2.0,834.2493267452479,1115.0854738846508
5098.0,2.0,1170.2575771755307,1072.594613468352
5101.0,2.0,1412.0285747057976,939.0182516113706
5104.0,2.0,1477.3409690897972,1059.9800570636107
5107.0,2.0,1478.914355466987,859.7268117375306
5110.0,2.0,1385.7927335251306,654.4563316021494
5113.0,2.0,1163.234137703184,643.3129642055947
5116.0,2.0,879.615617245088,706.2910341616694
5119.0,2.0,809.279470712736,708.740499316144
5122.0,2.0,629.9102023954828,668.438028319328
5125.0,2.0,644.5684203158027,561.8692078624427
5128.0,2.0,713.505117117808,486.9496259788266
5131.0,2.0,671.6130880528,508.26273681300796
5134.0,2.0,511.15021682890307,307.31435905506163
5152.0,2.0,501.4659474177759,307.3520337090613
5155.0,2.0,632.4744226148694,354.88253672297066
5158.0,2.0,785.7065238933068,475.18133122920534
5161.0,2.0,936.7278934462294,507.31774721072
5164.0,2.0,1036.7257579666505,613.8257331807521
5167.0,2.0,1058.0545821447251,740.6998139351681
5170.0,2.0,1024.2471512750933,826.901319187552
5173.0,2.0,1062.2166579983893,668.5639779896853
5176.0,2.0,1025.5709220990932,673.3002219366347
5179.0,2.0,868.8682586659734,710.4570736128426
5182.0,2.0,833.6602201969014,724.5480143743733
5185.0,2.0,898.7272419063894,748.2923318358934
5188.0,2.0,799.8156724520694,617.5565826738026
5191.0,2.0,758.9336202596852,563.0535226272426
5194.0,2.0,734.9230420447269,649.459260644043
5208.0,2.0,512.844882790825,943.5570219232272
5211.0,2.0,500.73280927742024,1141.9781556459177
5228.0,2.0,590.3853258687947,1309.2250714128693
5231.0,2.0,579.0811806492853,1094.7477641610185
5234.0,2.0,441.7838009583947,995.738568535968
5237.0,2.0,310.2052823560876,915.1271315947657
5302.0,2.0,61.110294116122645,140.36414107441598
5305.0,2.0,105.03407444738667,145.84329833884803
5308.0,2.0,179.36251382058666,194.49316790977596
5311.0,2.0,376.85421798112,320.78421240993066
5314.0,2.0,650.8399706750293,567.0706732219627
5317.0,2.0,781.7275239355362,703.3619256264001
5320.0,2.0,750.02771689344,712.2767000127947
5323.0,2.0,601.7789210324213,658.3437963365974
5326.0,2.0,474.3180628362827,568.4556355498612
5329.0,2.0,486.83252409963734,487.9326804380587
5332.0,2.0,442.71005045265065,479.65637451210665
5335.0,2.0,495.144963710368,581.1999767182455
5338.0,2.0,589.4126847350826,617.0286984219307
5341.0,2.0,695.3649834769334,643.8753177573813
5344.0,2.0,607.7808735530245,1133.3548927651573
5352.0,2.0,658.7722732632747,1401.1277784455895
5355.0,2.0,826.8475307657708,1484.1445142647199
5358.0,2.0,979.5687092350666,1493.7622989274932
5361.0,2.0,816.2078866549651,1202.5851889946825
5364.0,2.0,739.0083620989332,999.7960517349546
5367.0,2.0,896.4431376471199,949.4203776917599
5370.0,2.0,944.3530927120801,1005.0058487928427
5373.0,2.0,973.021934326992,1231.4030952739733
5376.0,2.0,903.7684187171893,1504.5771520461067
5379.0,2.0,673.5191610250934,1397.4052444425172
5382.0,2.0,523.5673552133441,1200.3325354594774
5385.0,2.0,506.703444632256,1206.6369040781653
5388.0,2.0,442.9989976063146,1098.4752593103574
5391.0,2.0,339.29750159670397,930.9586032736906
5394.0,2.0,286.543486291472,874.7730288207518
5397.0,2.0,394.36867617944,829.6898975130453
5400.0,2.0,511.7143182518134,886.5697187223253
5403.0,2.0,519.8910597950561,1127.2535337038933
5406.0,2.0,510.1381375108213,1251.0828740481759
5409.0,2.0,548.0644278099627,1157.7196306287788
5412.0,2.0,551.8872728196053,998.707672225776
5415.0,2.0,629.8350600910986,1067.729449530352
5418.0,2.0,611.2776940900426,1239.975241147749
5421.0,2.0,508.43115397709863,941.5023431521067
5424.0,2.0,435.55260901288005,865.0684302563467
5427.0,2.0,380.30332443779736,873.6024846468267
5430.0,2.0,432.1244652750613,903.6122336732586
5433.0,2.0,474.747966557728,1006.1522211453972
5436.0,2.0,401.4882529380373,974.0821141603733
5439.0,2.0,384.0726320034133,892.9787212590882
5442.0,2.0,336.76747441861863,842.378161503408
5445.0,2.0,321.40256692715195,777.9284953159787
5448.0,2.0,321.443116237536,755.2743561825067
5451.0,2.0,339.83781040311464,774.5751616466026
5454.0,2.0,380.97420928286925,841.3525942169281
5457.0,2.0,407.570395711568,836.6087550514134
5460.0,2.0,409.5026747277707,806.1051333458026
5463.0,2.0,418.8006891470133,778.8484210972853
5466.0,2.0,421.42046620370667,704.9969795478347
5469.0,2.0,433.32729946296007,595.5648164533973
5472.0,2.0,465.51329256822936,517.094834406256
5475.0,2.0,468.6492800162346,468.28192092769604
5478.0,2.0,491.3714399885334,522.6280836982347
5481.0,2.0,509.2783051811093,560.2288176952267
5484.0,2.0,706.457713289552,506.20577900737067
5487.0,2.0,1060.4906908367573,575.099588440032
5490.0,2.0,1321.4640701576589,642.6822760411306
5493.0,2.0,1335.8282779770614,739.1742693605387
5496.0,2.0,1238.6601915100011,786.8936665787534
5531.0,2.0,829.9783087834109,688.3559228396048
5595.0,2.0,740.3589588585801,510.0406857913102
5598.0,2.0,874.5779991728533,848.1390429336693
5601.0,2.0,997.1670771261012,1232.580438297792
5604.0,2.0,777.6680068744107,1384.0277634141864
5607.0,2.0,593.5419230022346,1136.057510462448
5610.0,2.0,615.1068041106827,941.3401541276908
5613.0,2.0,507.4794967441547,994.4496853401761
5616.0,2.0,408.45600071620265,1096.0444088254935
5619.0,2.0,357.2796090782346,1132.2017769345655
5622.0,2.0,336.45516747764265,1152.3031118646347
5625.0,2.0,341.64020025980807,1183.663182469563
5628.0,2.0,379.2124261795147,1264.9632543965547
5631.0,2.0,472.659737512032,1469.6869056714613
5634.0,2.0,618.2561144750987,1592.817167929216
5637.0,2.0,680.2860851150828,1604.067195806683
5640.0,2.0,661.3268236238987,1597.891035975296
5643.0,2.0,675.2230052633812,1584.0809384995255
5646.0,2.0,692.8347433106857,1563.8719240565147
